ID,trksegID,lat,lon,ele,time,magvar,geoidheight,name,cmt,desc,src,sym,type,fix,sat,hdop,vdop,pdop,ageofdgpsdata,dgpsid,Temperature,Depth,wtemp,hr,cad,,,,,
2521,1,18.379675922915300,-64.962982060387700,-85.420000000000000,2022-05-09T17:58:14Z,,,,,,,,,,,,,,,,,,,,,,,,,
2522,1,18.37976485490800,-64.963026652112600,-82.060000000000000,2022-05-09T17:58:20Z,,,,,,,,,,,,,,,,,,,,,,,,,
2523,1,18.379798717796800,-64.963037800043800,-78.690000000000000,2022-05-09T17:58:24Z,,,,,,,,,,,,,,,,,,,,,,,,,
2524,1,18.379807434976100,-64.963043080642800,-75.330000000000000,2022-05-09T17:58:26Z,,,,,,,,,,,,,,,,,,,,,,,,,
2525,1,18.379817325621800,-64.96305045671760,-71.960000000000000,2022-05-09T17:58:31Z,,,,,,,,,,,,,,,,,,,,,,,,,
2526,1,18.379818079993100,-64.963051127269900,-71.960000000000000,2022-05-09T17:58:32Z,,,,,,,,,,,,,,,,,,,,,,,,,
2527,1,18.379827635362700,-64.963057329878200,-75.330000000000000,2022-05-09T17:58:37Z,,,,,,,,,,,,,,,,,,,,,,,,,
2528,1,18.37983232922850,-64.963060012087200,-80.130000000000000,2022-05-09T17:58:40Z,,,,,,,,,,,,,,,,,,,,,,,,,
2529,1,18.379833670333000,-64.96305825188760,-78.690000000000000,2022-05-09T17:58:41Z,,,,,,,,,,,,,,,,,,,,,,,,,
2530,1,18.379837945103600,-64.963064873591100,-76.770000000000000,2022-05-09T17:58:44Z,,,,,,,,,,,,,,,,,,,,,,,,,
2531,1,18.379853200167400,-64.96308222413060,-73.400000000000000,2022-05-09T17:58:51Z,,,,,,,,,,,,,,,,,,,,,,,,,
2532,1,18.379855044186100,-64.963082810863900,-70.040000000000000,2022-05-09T17:58:53Z,,,,,,,,,,,,,,,,,,,,,,,,,
2533,1,18.379857810214200,-64.963083816692200,-66.670000000000000,2022-05-09T17:58:56Z,,,,,,,,,,,,,,,,,,,,,,,,,
2534,1,18.379860073328000,-64.963083732873200,-65.710000000000000,2022-05-09T17:58:58Z,,,,,,,,,,,,,,,,,,,,,,,,,
2535,1,18.379860240966100,-64.963340135291200,-61.390000000000000,2022-05-09T17:59:11Z,,,,,,,,,,,,,,,,,,,,,,,,,
2536,1,18.379861833527700,-64.963339967653200,-58.020000000000000,2022-05-09T17:59:13Z,,,,,,,,,,,,,,,,,,,,,,,,,
2537,1,18.379862504079900,-64.963339967653200,-54.660000000000000,2022-05-09T17:59:14Z,,,,,,,,,,,,,,,,,,,,,,,,,
2538,1,18.379864180460600,-64.963340135291200,-54.660000000000000,2022-05-09T17:59:15Z,,,,,,,,,,,,,,,,,,,,,,,,,
2539,1,18.379869125783400,-64.963353127241100,-51.290000000000000,2022-05-09T17:59:21Z,,,,,,,,,,,,,,,,,,,,,,,,,
2540,1,18.37987432256340,-64.963353797793400,-47.93,2022-05-09T17:59:24Z,,,,,,,,,,,,,,,,,,,,,,,,,
2541,1,18.379880944266900,-64.963357402011800,-44.080000000000000,2022-05-09T17:59:28Z,,,,,,,,,,,,,,,,,,,,,,,,,
2542,1,18.379883877933000,-64.963368801400100,-40.720000000000000,2022-05-09T17:59:32Z,,,,,,,,,,,,,,,,,,,,,,,,,
2543,1,18.379894606769100,-64.963384559378000,-37.350000000000000,2022-05-09T17:59:36Z,,,,,,,,,,,,,,,,,,,,,,,,,
2544,1,18.379901312291600,-64.963390929624400,-34.470000000000000,2022-05-09T17:59:40Z,,,,,,,,,,,,,,,,,,,,,,,,,
2545,1,18.37990365922450,-64.96340174227950,-32.07,2022-05-09T17:59:44Z,,,,,,,,,,,,,,,,,,,,,,,,,
2546,1,18.379894774407100,-64.963410375639800,-28.700000000000000,2022-05-09T17:59:51Z,,,,,,,,,,,,,,,,,,,,,,,,,
2547,1,18.37991732172670,-64.963418086990700,-25.34,2022-05-09T17:59:58Z,,,,,,,,,,,,,,,,,,,,,,,,,
2548,1,18.37993148714300,-64.963442729786000,-22.93,2022-05-09T18:00:06Z,,,,,,,,,,,,,,,,,,,,,,,,,
2549,1,18.379922350868600,-64.9634516146034,-19.57,2022-05-09T18:00:19Z,,,,,,,,,,,,,,,,,,,,,,,,,
2550,1,18.379906173795500,-64.963457314297600,-17.650000000000000,2022-05-09T18:00:25Z,,,,,,,,,,,,,,,,,,,,,,,,,
2551,1,18.379903407767400,-64.963463433086900,-20.530000000000000,2022-05-09T18:00:28Z,,,,,,,,,,,,,,,,,,,,,,,,,
2552,1,18.379888404160700,-64.963482040911900,-17.170000000000000,2022-05-09T18:00:36Z,,,,,,,,,,,,,,,,,,,,,,,,,
2553,1,18.379889242351100,-64.963479526341000,-13.800000000000000,2022-05-09T18:00:38Z,,,,,,,,,,,,,,,,,,,,,,,,,
2554,1,18.379890667274600,-64.963478436693500,-12.360000000000000,2022-05-09T18:00:39Z,,,,,,,,,,,,,,,,,,,,,,,,,
2555,1,18.379904916510000,-64.963478436693500,-8.030000000000000,2022-05-09T18:00:45Z,,,,,,,,,,,,,,,,,,,,,,,,,
2556,1,18.379904665052900,-64.963474748656200,-4.67,2022-05-09T18:00:48Z,,,,,,,,,,,,,,,,,,,,,,,,,
2557,1,18.379905838519300,-64.963468043133600,-1.79,2022-05-09T18:00:52Z,,,,,,,,,,,,,,,,,,,,,,,,,
2558,1,18.379922602325700,-64.963419009000100,-3.23,2022-05-09T18:01:09Z,,,,,,,,,,,,,,,,,,,,,,,,,
2559,1,18.379924697801500,-64.963409118354300,-5.15,2022-05-09T18:01:15Z,,,,,,,,,,,,,,,,,,,,,,,,,
2560,1,18.379924278706300,-64.963410962373000,-6.11,2022-05-09T18:01:17Z,,,,,,,,,,,,,,,,,,,,,,,,,
2561,1,18.379923272877900,-64.963412806391700,-9.48,2022-05-09T18:01:21Z,,,,,,,,,,,,,,,,,,,,,,,,,
2562,1,18.379921177402100,-64.963412471115600,-10.92,2022-05-09T18:01:25Z,,,,,,,,,,,,,,,,,,,,,,,,,
2563,1,18.379916567355400,-64.963433258235500,-13.32,2022-05-09T18:01:46Z,,,,,,,,,,,,,,,,,,,,,,,,,
2564,1,18.379899468272900,-64.963456308469200,-11.880000000000000,2022-05-09T18:02:07Z,,,,,,,,,,,,,,,,,,,,,,,,,
2565,1,18.37987532839180,-64.963460499420800,-9.960000000000000,2022-05-09T18:02:25Z,,,,,,,,,,,,,,,,,,,,,,,,,
2566,1,18.379887649789500,-64.96346234343950,-7.55,2022-05-09T18:02:43Z,,,,,,,,,,,,,,,,,,,,,,,,,
2567,1,18.379920674487900,-64.963429737836100,-6.11,2022-05-09T18:03:08Z,,,,,,,,,,,,,,,,,,,,,,,,,
2568,1,18.379945317283300,-64.963395958766300,-7.07,2022-05-09T18:03:30Z,,,,,,,,,,,,,,,,,,,,,,,,,
2569,1,18.379963003099000,-64.963362598791700,-8.030000000000000,2022-05-09T18:03:52Z,,,,,,,,,,,,,,,,,,,,,,,,,
2570,1,18.379987059161100,-64.963329071179000,-8.030000000000000,2022-05-09T18:04:14Z,,,,,,,,,,,,,,,,,,,,,,,,,
2571,1,18.380018323659900,-64.963335357606400,-4.67,2022-05-09T18:04:31Z,,,,,,,,,,,,,,,,,,,,,,,,,
2572,1,18.380013881251200,-64.963338961824800,-1.3,2022-05-09T18:04:37Z,,,,,,,,,,,,,,,,,,,,,,,,,
2573,1,18.380003487691300,-64.963349690660800,2.54,2022-05-09T18:04:54Z,,,,,,,,,,,,,,,,,,,,,,,,,
2574,1,18.380005666986100,-64.963353713974400,3.98,2022-05-09T18:04:58Z,,,,,,,,,,,,,,,,,,,,,,,,,
2575,1,18.379995943978400,-64.963371148333000,7.35,2022-05-09T18:05:13Z,,,,,,,,,,,,,,,,,,,,,,,,,
2576,1,18.379974234849200,-64.963403083384000,9.75,2022-05-09T18:05:34Z,,,,,,,,,,,,,,,,,,,,,,,,,
2577,1,18.379950430244200,-64.963430911302600,10.23,2022-05-09T18:05:55Z,,,,,,,,,,,,,,,,,,,,,,,,,
2578,1,18.379913885146400,-64.963432336226100,10.23,2022-05-09T18:06:17Z,,,,,,,,,,,,,,,,,,,,,,,,,
2579,1,18.379931235685900,-64.963429067283900,6.87,2022-05-09T18:06:29Z,,,,,,,,,,,,,,,,,,,,,,,,,
2580,1,18.379927128553400,-64.963425043970300,3.98,2022-05-09T18:06:32Z,,,,,,,,,,,,,,,,,,,,,,,,,
2581,1,18.37992905639110,-64.963425965979700,-0.34,2022-05-09T18:06:36Z,,,,,,,,,,,,,,,,,,,,,,,,,
2582,1,18.379930900409800,-64.96342864818870,-1.79,2022-05-09T18:06:38Z,,,,,,,,,,,,,,,,,,,,,,,,,
2583,1,18.379928721115000,-64.963417919352700,-4.67,2022-05-09T18:06:42Z,,,,,,,,,,,,,,,,,,,,,,,,,
2584,1,18.379926458001100,-64.963412219658500,-6.11,2022-05-09T18:06:45Z,,,,,,,,,,,,,,,,,,,,,,,,,
2585,1,18.379962584003800,-64.963396210223400,-7.07,2022-05-09T18:07:05Z,,,,,,,,,,,,,,,,,,,,,,,,,
2586,1,18.379951436072600,-64.963404256850500,-7.55,2022-05-09T18:07:24Z,,,,,,,,,,,,,,,,,,,,,,,,,
2587,1,18.379933163523700,-64.963398305699200,-5.63,2022-05-09T18:07:46Z,,,,,,,,,,,,,,,,,,,,,,,,,
2588,1,18.379951603710700,-64.963386571034800,-3.23,2022-05-09T18:08:03Z,,,,,,,,,,,,,,,,,,,,,,,,,
2589,1,18.379968032240900,-64.963361006230100,-2.27,2022-05-09T18:08:18Z,,,,,,,,,,,,,,,,,,,,,,,,,
2590,1,18.37996962480250,-64.963339464739000,1.58,2022-05-09T18:08:25Z,,,,,,,,,,,,,,,,,,,,,,,,,
2591,1,18.379970295354700,-64.963338626548600,4.94,2022-05-09T18:08:27Z,,,,,,,,,,,,,,,,,,,,,,,,,
2592,1,18.379974821582400,-64.963334435597100,8.790000000000000,2022-05-09T18:08:30Z,,,,,,,,,,,,,,,,,,,,,,,,,
2593,1,18.379982030019200,-64.963334267959000,12.15,2022-05-09T18:08:35Z,,,,,,,,,,,,,,,,,,,,,,,,,
2594,1,18.379999883472900,-64.963298141956300,14.56,2022-05-09T18:08:59Z,,,,,,,,,,,,,,,,,,,,,,,,,
2595,1,18.380016395822200,-64.963293112814400,13.6,2022-05-09T18:09:21Z,,,,,,,,,,,,,,,,,,,,,,,,,
2596,1,18.380006924271600,-64.963316079229100,14.08,2022-05-09T18:09:40Z,,,,,,,,,,,,,,,,,,,,,,,,,
2597,1,18.379998793825500,-64.963342733681200,13.120000000000000,2022-05-09T18:10:04Z,,,,,,,,,,,,,,,,,,,,,,,,,
2598,1,18.379983371123700,-64.963365448638800,13.120000000000000,2022-05-09T18:10:25Z,,,,,,,,,,,,,,,,,,,,,,,,,
2599,1,18.37996912188830,-64.963371986523300,14.08,2022-05-09T18:10:44Z,,,,,,,,,,,,,,,,,,,,,,,,,
2600,1,18.379981275647900,-64.963368633762000,14.56,2022-05-09T18:11:03Z,,,,,,,,,,,,,,,,,,,,,,,,,
2601,1,18.379976078867900,-64.963367376476500,13.6,2022-05-09T18:11:19Z,,,,,,,,,,,,,,,,,,,,,,,,,
2602,1,18.37997255846860,-64.963392438367000,13.120000000000000,2022-05-09T18:11:32Z,,,,,,,,,,,,,,,,,,,,,,,,,
2603,1,18.379983874037900,-64.963382380083200,9.75,2022-05-09T18:11:36Z,,,,,,,,,,,,,,,,,,,,,,,,,
2604,1,18.379987142980100,-64.963382463902200,5.91,2022-05-09T18:11:40Z,,,,,,,,,,,,,,,,,,,,,,,,,
2605,1,18.379993261769400,-64.963388917967700,3.02,2022-05-09T18:11:44Z,,,,,,,,,,,,,,,,,,,,,,,,,
2606,1,18.380008433014200,-64.963387073949000,-0.34,2022-05-09T18:11:49Z,,,,,,,,,,,,,,,,,,,,,,,,,
2607,1,18.380049085244500,-64.963376680389000,-2.27,2022-05-09T18:12:05Z,,,,,,,,,,,,,,,,,,,,,,,,,
2608,1,18.380056461319300,-64.963379446417100,1.1,2022-05-09T18:12:17Z,,,,,,,,,,,,,,,,,,,,,,,,,
2609,1,18.380058724433200,-64.963399898260800,3.98,2022-05-09T18:12:27Z,,,,,,,,,,,,,,,,,,,,,,,,,
2610,1,18.380065681412800,-64.963427726179400,5.42,2022-05-09T18:12:40Z,,,,,,,,,,,,,,,,,,,,,,,,,
2611,1,18.380078338086600,-64.963470557704600,5.42,2022-05-09T18:12:58Z,,,,,,,,,,,,,,,,,,,,,,,,,
2612,1,18.380087641999100,-64.963498804718300,4.94,2022-05-09T18:13:11Z,,,,,,,,,,,,,,,,,,,,,,,,,
2613,1,18.380085043609100,-64.963522022590000,4.46,2022-05-09T18:13:24Z,,,,,,,,,,,,,,,,,,,,,,,,,
2614,1,18.380091581493600,-64.96354884468020,3.98,2022-05-09T18:13:38Z,,,,,,,,,,,,,,,,,,,,,,,,,
2615,1,18.380102897062900,-64.963571224361700,7.35,2022-05-09T18:13:49Z,,,,,,,,,,,,,,,,,,,,,,,,,
2616,1,18.380097197368700,-64.963580192998100,9.75,2022-05-09T18:13:54Z,,,,,,,,,,,,,,,,,,,,,,,,,
2617,1,18.380084792152000,-64.963610451668500,13.120000000000000,2022-05-09T18:14:06Z,,,,,,,,,,,,,,,,,,,,,,,,,
2618,1,18.380076494067900,-64.963634591549600,15.52,2022-05-09T18:14:19Z,,,,,,,,,,,,,,,,,,,,,,,,,
2619,1,18.380072051659200,-64.963671639561700,14.56,2022-05-09T18:14:33Z,,,,,,,,,,,,,,,,,,,,,,,,,
2620,1,18.380047073587800,-64.96367834508420,11.19,2022-05-09T18:14:44Z,,,,,,,,,,,,,,,,,,,,,,,,,
2621,1,18.380039194598800,-64.963673315942300,8.31,2022-05-09T18:14:49Z,,,,,,,,,,,,,,,,,,,,,,,,,
2622,1,18.380009774118700,-64.963661078363700,4.94,2022-05-09T18:15:00Z,,,,,,,,,,,,,,,,,,,,,,,,,
2623,1,18.379974402487300,-64.963654959574300,4.46,2022-05-09T18:15:14Z,,,,,,,,,,,,,,,,,,,,,,,,,
2624,1,18.379967864602800,-64.963656635955000,4.46,2022-05-09T18:15:26Z,,,,,,,,,,,,,,,,,,,,,,,,,
2625,1,18.379967613145700,-64.963657390326300,4.46,2022-05-09T18:15:41Z,,,,,,,,,,,,,,,,,,,,,,,,,
2626,1,18.37996568530800,-64.963670298457100,3.5,2022-05-09T18:15:56Z,,,,,,,,,,,,,,,,,,,,,,,,,
2627,1,18.379971217364100,-64.963670969009400,3.98,2022-05-09T18:16:13Z,,,,,,,,,,,,,,,,,,,,,,,,,
2628,1,18.379972390830500,-64.963672896847100,4.46,2022-05-09T18:16:28Z,,,,,,,,,,,,,,,,,,,,,,,,,
2629,1,18.379964344203500,-64.963677758351000,3.98,2022-05-09T18:16:43Z,,,,,,,,,,,,,,,,,,,,,,,,,
2630,1,18.379976497963100,-64.963681194931300,4.94,2022-05-09T18:16:59Z,,,,,,,,,,,,,,,,,,,,,,,,,
2631,1,18.379974653944400,-64.96366661041980,4.94,2022-05-09T18:17:14Z,,,,,,,,,,,,,,,,,,,,,,,,,
2632,1,18.37993735447530,-64.963658982887900,6.39,2022-05-09T18:17:29Z,,,,,,,,,,,,,,,,,,,,,,,,,
2633,1,18.379892092198100,-64.963649762794400,8.31,2022-05-09T18:17:42Z,,,,,,,,,,,,,,,,,,,,,,,,,
2634,1,18.379874071106300,-64.963650014251500,10.710000000000000,2022-05-09T18:17:48Z,,,,,,,,,,,,,,,,,,,,,,,,,
2635,1,18.379838531836900,-64.963643811643100,14.08,2022-05-09T18:17:58Z,,,,,,,,,,,,,,,,,,,,,,,,,
2636,1,18.379834927618500,-64.963647918775700,16,2022-05-09T18:18:13Z,,,,,,,,,,,,,,,,,,,,,,,,,
2637,1,18.379832413047600,-64.963654791936300,13.120000000000000,2022-05-09T18:18:25Z,,,,,,,,,,,,,,,,,,,,,,,,,
2638,1,18.379824617877600,-64.963663844391700,14.08,2022-05-09T18:18:40Z,,,,,,,,,,,,,,,,,,,,,,,,,
2639,1,18.379826126620200,-64.963664598763000,15.52,2022-05-09T18:18:55Z,,,,,,,,,,,,,,,,,,,,,,,,,
2640,1,18.379827132448600,-64.963670214638100,12.15,2022-05-09T18:19:06Z,,,,,,,,,,,,,,,,,,,,,,,,,
2641,1,18.379825707525000,-64.963681194931300,11.19,2022-05-09T18:19:21Z,,,,,,,,,,,,,,,,,,,,,,,,,
2642,1,18.379831239581100,-64.963684128597400,8.31,2022-05-09T18:19:29Z,,,,,,,,,,,,,,,,,,,,,,,,,
2643,1,18.379826880991500,-64.963685553520900,5.91,2022-05-09T18:19:43Z,,,,,,,,,,,,,,,,,,,,,,,,,
2644,1,18.379836101084900,-64.963679434731600,5.91,2022-05-09T18:20:01Z,,,,,,,,,,,,,,,,,,,,,,,,,
2645,1,18.379833083599800,-64.96368270367380,6.87,2022-05-09T18:20:16Z,,,,,,,,,,,,,,,,,,,,,,,,,
2646,1,18.379840292036500,-64.963666861876800,6.87,2022-05-09T18:20:34Z,,,,,,,,,,,,,,,,,,,,,,,,,
2647,1,18.379843477159700,-64.963660407811400,7.35,2022-05-09T18:20:50Z,,,,,,,,,,,,,,,,,,,,,,,,,
2648,1,18.379840208217500,-64.96366124600170,7.83,2022-05-09T18:21:05Z,,,,,,,,,,,,,,,,,,,,,,,,,
2649,1,18.37983769364660,-64.963656468316900,7.83,2022-05-09T18:21:23Z,,,,,,,,,,,,,,,,,,,,,,,,,
2650,1,18.379837358370400,-64.96366124600170,7.83,2022-05-09T18:21:40Z,,,,,,,,,,,,,,,,,,,,,,,,,
2651,1,18.37983132340010,-64.963674657046800,8.790000000000000,2022-05-09T18:21:53Z,,,,,,,,,,,,,,,,,,,,,,,,,
2652,1,18.379826797172400,-64.963678764179300,12.15,2022-05-09T18:22:03Z,,,,,,,,,,,,,,,,,,,,,,,,,
2653,1,18.379825288429900,-64.963706759735900,12.15,2022-05-09T18:22:18Z,,,,,,,,,,,,,,,,,,,,,,,,,
2654,1,18.379835681989800,-64.963714219629800,13.120000000000000,2022-05-09T18:22:33Z,,,,,,,,,,,,,,,,,,,,,,,,,
2655,1,18.379828222096000,-64.963709525764000,9.75,2022-05-09T18:22:45Z,,,,,,,,,,,,,,,,,,,,,,,,,
2656,1,18.379831239581100,-64.9637071788311,6.87,2022-05-09T18:22:57Z,,,,,,,,,,,,,,,,,,,,,,,,,
2657,1,18.37983082048600,-64.96369837783280,8.790000000000000,2022-05-09T18:23:10Z,,,,,,,,,,,,,,,,,,,,,,,,,
2658,1,18.379824869334700,-64.963701143860800,8.31,2022-05-09T18:23:26Z,,,,,,,,,,,,,,,,,,,,,,,,,
2659,1,18.379827635362700,-64.963703993707900,9.75,2022-05-09T18:23:40Z,,,,,,,,,,,,,,,,,,,,,,,,,
2660,1,18.379831910133400,-64.963700557127600,9.27,2022-05-09T18:23:54Z,,,,,,,,,,,,,,,,,,,,,,,,,
2661,1,18.379830736666900,-64.963696282357000,7.83,2022-05-09T18:24:10Z,,,,,,,,,,,,,,,,,,,,,,,,,
2662,1,18.379832748323700,-64.963695779442800,10.710000000000000,2022-05-09T18:24:19Z,,,,,,,,,,,,,,,,,,,,,,,,,
2663,1,18.37982889264820,-64.963696952909200,14.08,2022-05-09T18:24:31Z,,,,,,,,,,,,,,,,,,,,,,,,,
2664,1,18.379828305915000,-64.963698042556600,15.52,2022-05-09T18:24:46Z,,,,,,,,,,,,,,,,,,,,,,,,,
2665,1,18.379831658676300,-64.963692845776700,14.56,2022-05-09T18:25:00Z,,,,,,,,,,,,,,,,,,,,,,,,,
2666,1,18.379828976467300,-64.963695779442800,16,2022-05-09T18:25:16Z,,,,,,,,,,,,,,,,,,,,,,,,,
2667,1,18.379833502695000,-64.963700473308600,16,2022-05-09T18:25:31Z,,,,,,,,,,,,,,,,,,,,,,,,,
2668,1,18.37983375415210,-64.963693683967000,16,2022-05-09T18:25:43Z,,,,,,,,,,,,,,,,,,,,,,,,,
2669,1,18.379834676161400,-64.963702820241500,12.630000000000000,2022-05-09T18:25:52Z,,,,,,,,,,,,,,,,,,,,,,,,,
2670,1,18.379821013659200,-64.96370273642240,9.75,2022-05-09T18:25:57Z,,,,,,,,,,,,,,,,,,,,,,,,,
2671,1,18.379816571250600,-64.963696952909200,7.83,2022-05-09T18:26:01Z,,,,,,,,,,,,,,,,,,,,,,,,,
2672,1,18.379784720018500,-64.963699299842100,5.91,2022-05-09T18:26:14Z,,,,,,,,,,,,,,,,,,,,,,,,,
2673,1,18.379773572087300,-64.963705334812400,7.35,2022-05-09T18:26:27Z,,,,,,,,,,,,,,,,,,,,,,,,,
2674,1,18.379774410277600,-64.963709022849800,10.23,2022-05-09T18:26:33Z,,,,,,,,,,,,,,,,,,,,,,,,,
2675,1,18.379771308973400,-64.963714303448800,13.120000000000000,2022-05-09T18:26:43Z,,,,,,,,,,,,,,,,,,,,,,,,,
2676,1,18.379771811887600,-64.963722852990000,15.52,2022-05-09T18:26:59Z,,,,,,,,,,,,,,,,,,,,,,,,,
2677,1,18.379766196012500,-64.963722936809100,16,2022-05-09T18:27:14Z,,,,,,,,,,,,,,,,,,,,,,,,,
2678,1,18.379765609279300,-64.963723439723300,16,2022-05-09T18:27:28Z,,,,,,,,,,,,,,,,,,,,,,,,,
2679,1,18.379757478833200,-64.963720003143000,16,2022-05-09T18:27:42Z,,,,,,,,,,,,,,,,,,,,,,,,,
2680,1,18.379764687269900,-64.963734084740300,15.52,2022-05-09T18:27:56Z,,,,,,,,,,,,,,,,,,,,,,,,,
2681,1,18.379760915413500,-64.963730731979000,12.15,2022-05-09T18:28:04Z,,,,,,,,,,,,,,,,,,,,,,,,,
2682,1,18.379758233204500,-64.963730396702900,9.75,2022-05-09T18:28:09Z,,,,,,,,,,,,,,,,,,,,,,,,,
2683,1,18.379765776917300,-64.963733581826100,6.87,2022-05-09T18:28:21Z,,,,,,,,,,,,,,,,,,,,,,,,,
2684,1,18.379761250689600,-64.963724697008700,5.91,2022-05-09T18:28:36Z,,,,,,,,,,,,,,,,,,,,,,,,,
2685,1,18.379768626764400,-64.963721763342600,6.39,2022-05-09T18:28:53Z,,,,,,,,,,,,,,,,,,,,,,,,,
2686,1,18.379767620936000,-64.963725870475200,7.83,2022-05-09T18:29:08Z,,,,,,,,,,,,,,,,,,,,,,,,,
2687,1,18.379767369478900,-64.963719416409700,7.83,2022-05-09T18:29:22Z,,,,,,,,,,,,,,,,,,,,,,,,,
2688,1,18.379769548773800,-64.963713465258500,7.83,2022-05-09T18:29:36Z,,,,,,,,,,,,,,,,,,,,,,,,,
2689,1,18.379762256518000,-64.963722266256800,8.790000000000000,2022-05-09T18:29:51Z,,,,,,,,,,,,,,,,,,,,,,,,,
2690,1,18.379773404449200,-64.963722936809100,7.83,2022-05-09T18:30:05Z,,,,,,,,,,,,,,,,,,,,,,,,,
2691,1,18.379740631207800,-64.963723439723300,7.83,2022-05-09T18:30:20Z,,,,,,,,,,,,,,,,,,,,,,,,,
2692,1,18.379729315638500,-64.963739197701200,7.83,2022-05-09T18:30:35Z,,,,,,,,,,,,,,,,,,,,,,,,,
2693,1,18.379728896543400,-64.963742634281500,7.35,2022-05-09T18:30:47Z,,,,,,,,,,,,,,,,,,,,,,,,,
2694,1,18.379721101373400,-64.963736431673200,7.35,2022-05-09T18:31:01Z,,,,,,,,,,,,,,,,,,,,,,,,,
2695,1,18.379726801067600,-64.96373844332990,6.87,2022-05-09T18:31:13Z,,,,,,,,,,,,,,,,,,,,,,,,,
2696,1,18.37972923181950,-64.963739197701200,6.87,2022-05-09T18:31:26Z,,,,,,,,,,,,,,,,,,,,,,,,,
2697,1,18.379727806896000,-64.963741293177000,10.23,2022-05-09T18:31:33Z,,,,,,,,,,,,,,,,,,,,,,,,,
2698,1,18.379728896543400,-64.963741460815100,12.15,2022-05-09T18:31:38Z,,,,,,,,,,,,,,,,,,,,,,,,,
2699,1,18.379727471619800,-64.96374623849990,15.52,2022-05-09T18:31:49Z,,,,,,,,,,,,,,,,,,,,,,,,,
2700,1,18.379726717248600,-64.963749842718200,16.960000000000000,2022-05-09T18:32:04Z,,,,,,,,,,,,,,,,,,,,,,,,,
2701,1,18.379723532125400,-64.963755710050500,16.960000000000000,2022-05-09T18:32:18Z,,,,,,,,,,,,,,,,,,,,,,,,,
2702,1,18.379719173535700,-64.963750764727600,16.48,2022-05-09T18:32:36Z,,,,,,,,,,,,,,,,,,,,,,,,,
2703,1,18.379718419164400,-64.963748501613700,15.52,2022-05-09T18:32:50Z,,,,,,,,,,,,,,,,,,,,,,,,,
2704,1,18.379716239869600,-64.963742047548300,15.52,2022-05-09T18:33:03Z,,,,,,,,,,,,,,,,,,,,,,,,,
2705,1,18.379728561267300,-64.963747663423400,12.15,2022-05-09T18:33:15Z,,,,,,,,,,,,,,,,,,,,,,,,,
2706,1,18.379726717248600,-64.963745316490500,9.27,2022-05-09T18:33:23Z,,,,,,,,,,,,,,,,,,,,,,,,,
2707,1,18.379727890715000,-64.963732240721600,7.83,2022-05-09T18:33:40Z,,,,,,,,,,,,,,,,,,,,,,,,,
2708,1,18.379725459963100,-64.963732324540600,8.31,2022-05-09T18:33:53Z,,,,,,,,,,,,,,,,,,,,,,,,,
2709,1,18.379722274839900,-64.963737772777700,8.790000000000000,2022-05-09T18:34:06Z,,,,,,,,,,,,,,,,,,,,,,,,,
2710,1,18.379730489105000,-64.963731067255100,8.31,2022-05-09T18:34:20Z,,,,,,,,,,,,,,,,,,,,,,,,,
2711,1,18.379724957048900,-64.963734336197400,8.790000000000000,2022-05-09T18:34:34Z,,,,,,,,,,,,,,,,,,,,,,,,,
2712,1,18.379722610116000,-64.963732995092900,8.31,2022-05-09T18:34:49Z,,,,,,,,,,,,,,,,,,,,,,,,,
2713,1,18.379710959270600,-64.963728217408100,10.23,2022-05-09T18:35:05Z,,,,,,,,,,,,,,,,,,,,,,,,,
2714,1,18.379649352282300,-64.963724026456500,9.75,2022-05-09T18:35:19Z,,,,,,,,,,,,,,,,,,,,,,,,,
2715,1,18.379627978429200,-64.963718578219400,13.120000000000000,2022-05-09T18:35:29Z,,,,,,,,,,,,,,,,,,,,,,,,,
2716,1,18.37963099591430,-64.963715309277200,16,2022-05-09T18:35:40Z,,,,,,,,,,,,,,,,,,,,,,,,,
2717,1,18.379629235714700,-64.963719248771700,16,2022-05-09T18:35:54Z,,,,,,,,,,,,,,,,,,,,,,,,,
2718,1,18.379629403352700,-64.963718662038400,15.52,2022-05-09T18:35:55Z,,,,,,,,,,,,,,,,,,,,,,,,,
2719,1,18.379630576819200,-64.96371447108690,12.630000000000000,2022-05-09T18:36:06Z,,,,,,,,,,,,,,,,,,,,,,,,,
2720,1,18.379633007571100,-64.963724697008700,11.19,2022-05-09T18:36:21Z,,,,,,,,,,,,,,,,,,,,,,,,,
2721,1,18.379630828276300,-64.96372863650320,10.710000000000000,2022-05-09T18:36:37Z,,,,,,,,,,,,,,,,,,,,,,,,,
2722,1,18.379630073905000,-64.963723691180300,10.710000000000000,2022-05-09T18:36:52Z,,,,,,,,,,,,,,,,,,,,,,,,,
2723,1,18.379627224057900,-64.963731989264500,11.19,2022-05-09T18:37:08Z,,,,,,,,,,,,,,,,,,,,,,,,,
2724,1,18.379628397524400,-64.963730480521900,12.630000000000000,2022-05-09T18:37:25Z,,,,,,,,,,,,,,,,,,,,,,,,,
2725,1,18.379626050591500,-64.963732324540600,14.56,2022-05-09T18:37:38Z,,,,,,,,,,,,,,,,,,,,,,,,,
2726,1,18.379627726972100,-64.963735258206700,13.6,2022-05-09T18:37:52Z,,,,,,,,,,,,,,,,,,,,,,,,,
2727,1,18.379627056419800,-64.963737186044500,11.67,2022-05-09T18:38:06Z,,,,,,,,,,,,,,,,,,,,,,,,,
2728,1,18.379624290391800,-64.963739281520200,11.67,2022-05-09T18:38:21Z,,,,,,,,,,,,,,,,,,,,,,,,,
2729,1,18.379625882953400,-64.963737102225400,12.15,2022-05-09T18:38:36Z,,,,,,,,,,,,,,,,,,,,,,,,,
2730,1,18.379620602354400,-64.963739952072500,12.15,2022-05-09T18:38:52Z,,,,,,,,,,,,,,,,,,,,,,,,,
2731,1,18.379609873518300,-64.963733581826100,12.15,2022-05-09T18:39:07Z,,,,,,,,,,,,,,,,,,,,,,,,,
2732,1,18.379588583484300,-64.963697958737600,12.15,2022-05-09T18:39:20Z,,,,,,,,,,,,,,,,,,,,,,,,,
2733,1,18.379571484401800,-64.963658144697500,12.630000000000000,2022-05-09T18:39:34Z,,,,,,,,,,,,,,,,,,,,,,,,,
2734,1,18.379557486623500,-64.9636553786695,12.630000000000000,2022-05-09T18:39:48Z,,,,,,,,,,,,,,,,,,,,,,,,,
2735,1,18.379557738080600,-64.963655630126600,12.15,2022-05-09T18:40:00Z,,,,,,,,,,,,,,,,,,,,,,,,,
2736,1,18.379557486623500,-64.963653367012700,12.630000000000000,2022-05-09T18:40:14Z,,,,,,,,,,,,,,,,,,,,,,,,,
2737,1,18.379557905718700,-64.963651858270200,14.08,2022-05-09T18:40:27Z,,,,,,,,,,,,,,,,,,,,,,,,,
2738,1,18.379558492451900,-64.963658899068800,12.15,2022-05-09T18:40:46Z,,,,,,,,,,,,,,,,,,,,,,,,,
2739,1,18.379556899890300,-64.96365730650720,12.15,2022-05-09T18:41:01Z,,,,,,,,,,,,,,,,,,,,,,,,,
2740,1,18.379568131640600,-64.963656971231100,11.67,2022-05-09T18:41:14Z,,,,,,,,,,,,,,,,,,,,,,,,,
2741,1,18.379566287621900,-64.963643476367000,11.67,2022-05-09T18:41:32Z,,,,,,,,,,,,,,,,,,,,,,,,,
2742,1,18.379561090841900,-64.963656216859800,11.67,2022-05-09T18:41:47Z,,,,,,,,,,,,,,,,,,,,,,,,,
2743,1,18.379558408632900,-64.963657474145300,12.630000000000000,2022-05-09T18:42:01Z,,,,,,,,,,,,,,,,,,,,,,,,,
2744,1,18.379557570442600,-64.963658899068800,15.040000000000000,2022-05-09T18:42:07Z,,,,,,,,,,,,,,,,,,,,,,,,,
2745,1,18.379556816071300,-64.963655462488500,18.400000000000000,2022-05-09T18:42:17Z,,,,,,,,,,,,,,,,,,,,,,,,,
2746,1,18.379553044214800,-64.963655713945600,19.84,2022-05-09T18:42:31Z,,,,,,,,,,,,,,,,,,,,,,,,,
2747,1,18.379554469138400,-64.96365780942140,19.84,2022-05-09T18:42:44Z,,,,,,,,,,,,,,,,,,,,,,,,,
2748,1,18.37955673225220,-64.963650852441800,19.84,2022-05-09T18:42:59Z,,,,,,,,,,,,,,,,,,,,,,,,,
2749,1,18.379549691453600,-64.963659904897200,18.400000000000000,2022-05-09T18:43:14Z,,,,,,,,,,,,,,,,,,,,,,,,,
2750,1,18.379549607634500,-64.963656887412100,15.52,2022-05-09T18:43:20Z,,,,,,,,,,,,,,,,,,,,,,,,,
2751,1,18.379541309550400,-64.963657222688200,12.15,2022-05-09T18:43:30Z,,,,,,,,,,,,,,,,,,,,,,,,,
2752,1,18.379553882405200,-64.963648337870800,10.23,2022-05-09T18:43:44Z,,,,,,,,,,,,,,,,,,,,,,,,,
2753,1,18.379554385319400,-64.963653534650800,10.710000000000000,2022-05-09T18:43:57Z,,,,,,,,,,,,,,,,,,,,,,,,,
2754,1,18.37955086492000,-64.963655546307600,11.19,2022-05-09T18:44:12Z,,,,,,,,,,,,,,,,,,,,,,,,,
2755,1,18.379552038386500,-64.963659234345000,11.19,2022-05-09T18:44:28Z,,,,,,,,,,,,,,,,,,,,,,,,,
2756,1,18.37955673225220,-64.963654037565000,11.19,2022-05-09T18:44:41Z,,,,,,,,,,,,,,,,,,,,,,,,,
2757,1,18.379554050043200,-64.96365437284110,11.19,2022-05-09T18:44:57Z,,,,,,,,,,,,,,,,,,,,,,,,,
2758,1,18.379554050043200,-64.963655211031400,10.710000000000000,2022-05-09T18:45:13Z,,,,,,,,,,,,,,,,,,,,,,,,,
2759,1,18.379555223509700,-64.963652780279500,11.19,2022-05-09T18:45:27Z,,,,,,,,,,,,,,,,,,,,,,,,,
2760,1,18.37955036200580,-64.963650181889500,11.67,2022-05-09T18:45:46Z,,,,,,,,,,,,,,,,,,,,,,,,,
2761,1,18.379552373662600,-64.963650517165700,11.19,2022-05-09T18:46:00Z,,,,,,,,,,,,,,,,,,,,,,,,,
2762,1,18.379524629563100,-64.963631490245500,12.15,2022-05-09T18:46:14Z,,,,,,,,,,,,,,,,,,,,,,,,,
2763,1,18.379505770281000,-64.963616235181700,11.67,2022-05-09T18:46:30Z,,,,,,,,,,,,,,,,,,,,,,,,,
2764,1,18.37951272726060,-64.963603913784000,14.08,2022-05-09T18:46:44Z,,,,,,,,,,,,,,,,,,,,,,,,,
2765,1,18.379520103335400,-64.963604668155300,16.960000000000000,2022-05-09T18:46:53Z,,,,,,,,,,,,,,,,,,,,,,,,,
2766,1,18.379523372277600,-64.963605590164700,19.360000000000000,2022-05-09T18:47:07Z,,,,,,,,,,,,,,,,,,,,,,,,,
2767,1,18.37951373308900,-64.963615229353300,19.84,2022-05-09T18:47:22Z,,,,,,,,,,,,,,,,,,,,,,,,,
2768,1,18.379509877413500,-64.963602991774700,19.360000000000000,2022-05-09T18:47:39Z,,,,,,,,,,,,,,,,,,,,,,,,,
2769,1,18.379512056708300,-64.963610619306600,17.920000000000000,2022-05-09T18:47:53Z,,,,,,,,,,,,,,,,,,,,,,,,,
2770,1,18.37951423600320,-64.963608356192700,15.040000000000000,2022-05-09T18:48:00Z,,,,,,,,,,,,,,,,,,,,,,,,,
2771,1,18.379517588764400,-64.963608691468800,11.67,2022-05-09T18:48:15Z,,,,,,,,,,,,,,,,,,,,,,,,,
2772,1,18.379524042829900,-64.963605422526600,11.19,2022-05-09T18:48:28Z,,,,,,,,,,,,,,,,,,,,,,,,,
2773,1,18.379518510773800,-64.963608188554600,11.67,2022-05-09T18:48:42Z,,,,,,,,,,,,,,,,,,,,,,,,,
2774,1,18.379524797201200,-64.963611122220800,11.67,2022-05-09T18:48:56Z,,,,,,,,,,,,,,,,,,,,,,,,,
2775,1,18.37951666675510,-64.96361774392430,12.15,2022-05-09T18:49:12Z,,,,,,,,,,,,,,,,,,,,,,,,,
2776,1,18.379528066143400,-64.963628640398400,11.67,2022-05-09T18:49:27Z,,,,,,,,,,,,,,,,,,,,,,,,,
2777,1,18.379515241831500,-64.963617827743300,12.15,2022-05-09T18:49:43Z,,,,,,,,,,,,,,,,,,,,,,,,,
2778,1,18.379511972889300,-64.963617995381400,12.15,2022-05-09T18:49:58Z,,,,,,,,,,,,,,,,,,,,,,,,,
2779,1,18.37951666675510,-64.963613636791700,12.15,2022-05-09T18:50:15Z,,,,,,,,,,,,,,,,,,,,,,,,,
2780,1,18.379518929868900,-64.963623778894500,11.67,2022-05-09T18:50:29Z,,,,,,,,,,,,,,,,,,,,,,,,,
2781,1,18.379524797201200,-64.963622186332900,12.15,2022-05-09T18:50:43Z,,,,,,,,,,,,,,,,,,,,,,,,,
2782,1,18.379525886848600,-64.96361673809590,12.630000000000000,2022-05-09T18:50:59Z,,,,,,,,,,,,,,,,,,,,,,,,,
2783,1,18.379533179104300,-64.963613636791700,12.630000000000000,2022-05-09T18:51:15Z,,,,,,,,,,,,,,,,,,,,,,,,,
2784,1,18.37952446192500,-64.963604584336300,13.120000000000000,2022-05-09T18:51:29Z,,,,,,,,,,,,,,,,,,,,,,,,,
2785,1,18.379526473581800,-64.96361187659200,12.630000000000000,2022-05-09T18:51:44Z,,,,,,,,,,,,,,,,,,,,,,,,,
2786,1,18.379506776109300,-64.963610786944600,13.120000000000000,2022-05-09T18:51:58Z,,,,,,,,,,,,,,,,,,,,,,,,,
2787,1,18.379496717825500,-64.963612547144300,12.630000000000000,2022-05-09T18:52:12Z,,,,,,,,,,,,,,,,,,,,,,,,,
2788,1,18.379504261538400,-64.963617576286200,12.630000000000000,2022-05-09T18:52:27Z,,,,,,,,,,,,,,,,,,,,,,,,,
2789,1,18.379502585157800,-64.963605171069500,15.040000000000000,2022-05-09T18:52:41Z,,,,,,,,,,,,,,,,,,,,,,,,,
2790,1,18.379502585157800,-64.963610451668500,18.400000000000000,2022-05-09T18:52:54Z,,,,,,,,,,,,,,,,,,,,,,,,,
2791,1,18.379510967060900,-64.963611122220800,19.84,2022-05-09T18:53:09Z,,,,,,,,,,,,,,,,,,,,,,,,,
2792,1,18.379507279023500,-64.963619168847800,19.360000000000000,2022-05-09T18:53:22Z,,,,,,,,,,,,,,,,,,,,,,,,,
2793,1,18.379493951797500,-64.963618749752600,18.880000000000000,2022-05-09T18:53:37Z,,,,,,,,,,,,,,,,,,,,,,,,,
2794,1,18.379496885463600,-64.963616486638800,18.400000000000000,2022-05-09T18:53:52Z,,,,,,,,,,,,,,,,,,,,,,,,,
2795,1,18.379501579329400,-64.963617827743300,18.400000000000000,2022-05-09T18:54:07Z,,,,,,,,,,,,,,,,,,,,,,,,,
2796,1,18.379495125263900,-64.963614977896200,15.040000000000000,2022-05-09T18:54:17Z,,,,,,,,,,,,,,,,,,,,,,,,,
2797,1,18.379500908777100,-64.963621264323600,12.15,2022-05-09T18:54:33Z,,,,,,,,,,,,,,,,,,,,,,,,,
2798,1,18.379507195204500,-64.963612798601400,13.120000000000000,2022-05-09T18:54:47Z,,,,,,,,,,,,,,,,,,,,,,,,,
2799,1,18.379501830786500,-64.963603327050800,13.6,2022-05-09T18:55:03Z,,,,,,,,,,,,,,,,,,,,,,,,,
2800,1,18.379509625956400,-64.963606679812100,11.67,2022-05-09T18:55:18Z,,,,,,,,,,,,,,,,,,,,,,,,,
2801,1,18.379507781937700,-64.963605757802700,12.15,2022-05-09T18:55:32Z,,,,,,,,,,,,,,,,,,,,,,,,,
2802,1,18.379501914605500,-64.963604668155300,12.15,2022-05-09T18:55:47Z,,,,,,,,,,,,,,,,,,,,,,,,,
2803,1,18.379508787766100,-64.963606595993000,12.630000000000000,2022-05-09T18:56:02Z,,,,,,,,,,,,,,,,,,,,,,,,,
2804,1,18.379480373114300,-64.963607182726300,11.67,2022-05-09T18:56:14Z,,,,,,,,,,,,,,,,,,,,,,,,,
2805,1,18.379460759460900,-64.96361824683850,12.630000000000000,2022-05-09T18:56:27Z,,,,,,,,,,,,,,,,,,,,,,,,,
2806,1,18.379466542974100,-64.963618833571700,13.120000000000000,2022-05-09T18:56:40Z,,,,,,,,,,,,,,,,,,,,,,,,,
2807,1,18.379466040059900,-64.963617995381400,13.120000000000000,2022-05-09T18:56:55Z,,,,,,,,,,,,,,,,,,,,,,,,,
2808,1,18.379452209919700,-64.963619504123900,13.120000000000000,2022-05-09T18:57:10Z,,,,,,,,,,,,,,,,,,,,,,,,,
2809,1,18.379456652328400,-64.963622773066200,13.6,2022-05-09T18:57:23Z,,,,,,,,,,,,,,,,,,,,,,,,,
2810,1,18.379469476640200,-64.963623946532600,12.630000000000000,2022-05-09T18:57:38Z,,,,,,,,,,,,,,,,,,,,,,,,,
2811,1,18.3794638607651,-64.963615396991400,15.040000000000000,2022-05-09T18:57:52Z,,,,,,,,,,,,,,,,,,,,,,,,,
2812,1,18.379462519660600,-64.963610032573300,16.960000000000000,2022-05-09T18:58:05Z,,,,,,,,,,,,,,,,,,,,,,,,,
2813,1,18.379454975947700,-64.963617660105200,15.52,2022-05-09T18:58:20Z,,,,,,,,,,,,,,,,,,,,,,,,,
2814,1,18.379451707005500,-64.963619839400100,14.08,2022-05-09T18:58:35Z,,,,,,,,,,,,,,,,,,,,,,,,,
2815,1,18.379449611529700,-64.963621264323600,12.15,2022-05-09T18:58:50Z,,,,,,,,,,,,,,,,,,,,,,,,,
2816,1,18.379451539367400,-64.963614055886900,11.67,2022-05-09T18:59:02Z,,,,,,,,,,,,,,,,,,,,,,,,,
2817,1,18.379453802481300,-64.963615145534300,11.67,2022-05-09T18:59:16Z,,,,,,,,,,,,,,,,,,,,,,,,,
2818,1,18.379461010918000,-64.963613385334600,12.15,2022-05-09T18:59:31Z,,,,,,,,,,,,,,,,,,,,,,,,,
2819,1,18.379470901563800,-64.963611792773000,12.630000000000000,2022-05-09T18:59:45Z,,,,,,,,,,,,,,,,,,,,,,,,,
2820,1,18.379459083080300,-64.963623024523300,13.120000000000000,2022-05-09T19:00:00Z,,,,,,,,,,,,,,,,,,,,,,,,,
2821,1,18.379452042281600,-64.963638866320300,14.08,2022-05-09T19:00:13Z,,,,,,,,,,,,,,,,,,,,,,,,,
2822,1,18.379433685913700,-64.963654121384000,16.48,2022-05-09T19:00:25Z,,,,,,,,,,,,,,,,,,,,,,,,,
2823,1,18.379440559074300,-64.963665185496200,17.920000000000000,2022-05-09T19:00:39Z,,,,,,,,,,,,,,,,,,,,,,,,,
2824,1,18.379449360072600,-64.963681111112200,18.400000000000000,2022-05-09T19:00:53Z,,,,,,,,,,,,,,,,,,,,,,,,,
2825,1,18.379456149414200,-64.963693097233800,15.52,2022-05-09T19:01:01Z,,,,,,,,,,,,,,,,,,,,,,,,,
2826,1,18.379473583772800,-64.963706592097900,12.630000000000000,2022-05-09T19:01:15Z,,,,,,,,,,,,,,,,,,,,,,,,,
2827,1,18.379481211304700,-64.963719919323900,11.67,2022-05-09T19:01:29Z,,,,,,,,,,,,,,,,,,,,,,,,,
2828,1,18.379462519660600,-64.963718662038400,12.15,2022-05-09T19:01:44Z,,,,,,,,,,,,,,,,,,,,,,,,,
2829,1,18.379484647885000,-64.963724613189700,11.67,2022-05-09T19:01:58Z,,,,,,,,,,,,,,,,,,,,,,,,,
2830,1,18.379500322043900,-64.963729474693500,11.67,2022-05-09T19:02:14Z,,,,,,,,,,,,,,,,,,,,,,,,,
2831,1,18.379492862150100,-64.963737018406400,12.15,2022-05-09T19:02:29Z,,,,,,,,,,,,,,,,,,,,,,,,,
2832,1,18.379492610693000,-64.963755374774300,12.15,2022-05-09T19:02:44Z,,,,,,,,,,,,,,,,,,,,,,,,,
2833,1,18.379498813301300,-64.963754871860100,12.630000000000000,2022-05-09T19:02:57Z,,,,,,,,,,,,,,,,,,,,,,,,,
2834,1,18.379502836614800,-64.963760152459100,13.120000000000000,2022-05-09T19:03:12Z,,,,,,,,,,,,,,,,,,,,,,,,,
2835,1,18.379506105557100,-64.963757721707200,13.120000000000000,2022-05-09T19:03:26Z,,,,,,,,,,,,,,,,,,,,,,,,,
2836,1,18.379511134699000,-64.963764511048800,13.120000000000000,2022-05-09T19:03:42Z,,,,,,,,,,,,,,,,,,,,,,,,,
2837,1,18.379512308165400,-64.963766690343600,15.040000000000000,2022-05-09T19:03:57Z,,,,,,,,,,,,,,,,,,,,,,,,,
2838,1,18.379510128870600,-64.963773814961300,14.56,2022-05-09T19:04:09Z,,,,,,,,,,,,,,,,,,,,,,,,,
2839,1,18.379495963454200,-64.963774904608700,13.120000000000000,2022-05-09T19:04:19Z,,,,,,,,,,,,,,,,,,,,,,,,,
2840,1,18.379493029788100,-64.963765935972300,12.630000000000000,2022-05-09T19:04:31Z,,,,,,,,,,,,,,,,,,,,,,,,,
2841,1,18.379498058930000,-64.963764008134600,13.120000000000000,2022-05-09T19:04:46Z,,,,,,,,,,,,,,,,,,,,,,,,,
2842,1,18.379500322043900,-64.963766690343600,13.6,2022-05-09T19:04:59Z,,,,,,,,,,,,,,,,,,,,,,,,,
2843,1,18.379501579329400,-64.963768785819400,13.120000000000000,2022-05-09T19:05:16Z,,,,,,,,,,,,,,,,,,,,,,,,,
2844,1,18.379498813301300,-64.963766857981700,13.120000000000000,2022-05-09T19:05:33Z,,,,,,,,,,,,,,,,,,,,,,,,,
2845,1,18.379489928484000,-64.963772557675800,16,2022-05-09T19:05:46Z,,,,,,,,,,,,,,,,,,,,,,,,,
2846,1,18.379498813301300,-64.963778760284200,14.56,2022-05-09T19:05:58Z,,,,,,,,,,,,,,,,,,,,,,,,,
2847,1,18.37949370034040,-64.963775156065800,13.120000000000000,2022-05-09T19:06:13Z,,,,,,,,,,,,,,,,,,,,,,,,,
2848,1,18.379499148577500,-64.963774317875500,13.120000000000000,2022-05-09T19:06:28Z,,,,,,,,,,,,,,,,,,,,,,,,,
2849,1,18.37950250133870,-64.963769372552600,13.120000000000000,2022-05-09T19:06:41Z,,,,,,,,,,,,,,,,,,,,,,,,,
2850,1,18.379498645663300,-64.96376333758240,13.120000000000000,2022-05-09T19:06:55Z,,,,,,,,,,,,,,,,,,,,,,,,,
2851,1,18.379501076415200,-64.963760739192400,13.6,2022-05-09T19:07:08Z,,,,,,,,,,,,,,,,,,,,,,,,,
2852,1,18.379501160234200,-64.963760990649500,13.6,2022-05-09T19:07:22Z,,,,,,,,,,,,,,,,,,,,,,,,,
2853,1,18.379505770281000,-64.963767863810100,14.08,2022-05-09T19:07:35Z,,,,,,,,,,,,,,,,,,,,,,,,,
2854,1,18.379501327872300,-64.963768282905200,13.6,2022-05-09T19:07:50Z,,,,,,,,,,,,,,,,,,,,,,,,,
2855,1,18.379505183547700,-64.963765684515200,14.08,2022-05-09T19:08:03Z,,,,,,,,,,,,,,,,,,,,,,,,,
2856,1,18.379497891292000,-64.963768869638400,13.6,2022-05-09T19:08:15Z,,,,,,,,,,,,,,,,,,,,,,,,,
2857,1,18.37946780025960,-64.963779011741300,13.6,2022-05-09T19:08:28Z,,,,,,,,,,,,,,,,,,,,,,,,,
2858,1,18.379416838288300,-64.963776329532300,16.960000000000000,2022-05-09T19:08:43Z,,,,,,,,,,,,,,,,,,,,,,,,,
2859,1,18.379409210756400,-64.96377213858070,18.880000000000000,2022-05-09T19:08:58Z,,,,,,,,,,,,,,,,,,,,,,,,,
2860,1,18.379376521334100,-64.96377314440910,19.360000000000000,2022-05-09T19:09:10Z,,,,,,,,,,,,,,,,,,,,,,,,,
2861,1,18.379366882145400,-64.963773395866200,17.920000000000000,2022-05-09T19:09:23Z,,,,,,,,,,,,,,,,,,,,,,,,,
2862,1,18.379370151087600,-64.963786974549300,16,2022-05-09T19:09:37Z,,,,,,,,,,,,,,,,,,,,,,,,,
2863,1,18.379379455000200,-64.96379317715760,17.440000000000000,2022-05-09T19:09:52Z,,,,,,,,,,,,,,,,,,,,,,,,,
2864,1,18.379371240735100,-64.963816395029400,16,2022-05-09T19:10:07Z,,,,,,,,,,,,,,,,,,,,,,,,,
2865,1,18.379369648173500,-64.963816562667500,13.6,2022-05-09T19:10:21Z,,,,,,,,,,,,,,,,,,,,,,,,,
2866,1,18.37936663068830,-64.963819915428800,12.630000000000000,2022-05-09T19:10:38Z,,,,,,,,,,,,,,,,,,,,,,,,,
2867,1,18.379371408373100,-64.963814383372700,12.630000000000000,2022-05-09T19:10:53Z,,,,,,,,,,,,,,,,,,,,,,,,,
2868,1,18.379367552697700,-64.963818406686200,12.630000000000000,2022-05-09T19:11:08Z,,,,,,,,,,,,,,,,,,,,,,,,,
2869,1,18.379366546869300,-64.963814299553600,13.120000000000000,2022-05-09T19:11:24Z,,,,,,,,,,,,,,,,,,,,,,,,,
2870,1,18.379374258220200,-64.963806755840800,13.120000000000000,2022-05-09T19:11:38Z,,,,,,,,,,,,,,,,,,,,,,,,,
2871,1,18.379367217421500,-64.963818239048100,13.120000000000000,2022-05-09T19:11:53Z,,,,,,,,,,,,,,,,,,,,,,,,,
2872,1,18.37935883551840,-64.963816814124600,13.120000000000000,2022-05-09T19:12:07Z,,,,,,,,,,,,,,,,,,,,,,,,,
2873,1,18.379358081147100,-64.963818322867200,12.630000000000000,2022-05-09T19:12:23Z,,,,,,,,,,,,,,,,,,,,,,,,,
2874,1,18.379365457221900,-64.963818155229100,15.040000000000000,2022-05-09T19:12:38Z,,,,,,,,,,,,,,,,,,,,,,,,,
2875,1,18.379371492192100,-64.963810192421100,18.400000000000000,2022-05-09T19:12:53Z,,,,,,,,,,,,,,,,,,,,,,,,,
2876,1,18.379371827468300,-64.963814718648800,19.360000000000000,2022-05-09T19:13:08Z,,,,,,,,,,,,,,,,,,,,,,,,,
2877,1,18.379387836903300,-64.963827207684500,18.880000000000000,2022-05-09T19:13:23Z,,,,,,,,,,,,,,,,,,,,,,,,,
2878,1,18.379385406151400,-64.963833829388000,16,2022-05-09T19:13:36Z,,,,,,,,,,,,,,,,,,,,,,,,,
2879,1,18.379352549091000,-64.963850509375300,14.08,2022-05-09T19:13:49Z,,,,,,,,,,,,,,,,,,,,,,,,,
2880,1,18.379328157752800,-64.963863752782300,13.120000000000000,2022-05-09T19:14:02Z,,,,,,,,,,,,,,,,,,,,,,,,,
2881,1,18.379301838576800,-64.963858891278500,13.6,2022-05-09T19:14:17Z,,,,,,,,,,,,,,,,,,,,,,,,,
2882,1,18.379298653453600,-64.963852604851100,13.120000000000000,2022-05-09T19:14:31Z,,,,,,,,,,,,,,,,,,,,,,,,,
2883,1,18.379306113347400,-64.963834248483200,13.120000000000000,2022-05-09T19:14:47Z,,,,,,,,,,,,,,,,,,,,,,,,,
2884,1,18.379313070327000,-64.963828884065200,13.120000000000000,2022-05-09T19:15:02Z,,,,,,,,,,,,,,,,,,,,,,,,,
2885,1,18.379312064498700,-64.963824357837400,11.19,2022-05-09T19:15:15Z,,,,,,,,,,,,,,,,,,,,,,,,,
2886,1,18.379306783899700,-64.963816395029400,12.15,2022-05-09T19:15:31Z,,,,,,,,,,,,,,,,,,,,,,,,,
2887,1,18.37930703535680,-64.963822932913900,12.630000000000000,2022-05-09T19:15:48Z,,,,,,,,,,,,,,,,,,,,,,,,,
2888,1,18.379301503300700,-64.963823268190000,11.67,2022-05-09T19:16:05Z,,,,,,,,,,,,,,,,,,,,,,,,,
2889,1,18.379310974851300,-64.963824106380300,12.630000000000000,2022-05-09T19:16:22Z,,,,,,,,,,,,,,,,,,,,,,,,,
2890,1,18.379309298470600,-64.963821591809400,16,2022-05-09T19:16:38Z,,,,,,,,,,,,,,,,,,,,,,,,,
2891,1,18.379300329834200,-64.963816646486500,16,2022-05-09T19:16:55Z,,,,,,,,,,,,,,,,,,,,,,,,,
2892,1,18.379302425310000,-64.963810779154300,18.400000000000000,2022-05-09T19:17:10Z,,,,,,,,,,,,,,,,,,,,,,,,,
2893,1,18.37932120077310,-64.963811365887500,19.360000000000000,2022-05-09T19:17:25Z,,,,,,,,,,,,,,,,,,,,,,,,,
2894,1,18.37932706810530,-64.963801391422700,16,2022-05-09T19:17:41Z,,,,,,,,,,,,,,,,,,,,,,,,,
2895,1,18.379334360361100,-64.963812790811100,15.52,2022-05-09T19:17:59Z,,,,,,,,,,,,,,,,,,,,,,,,,
2896,1,18.379339389503000,-64.963797954842400,13.120000000000000,2022-05-09T19:18:13Z,,,,,,,,,,,,,,,,,,,,,,,,,
2897,1,18.37934953160580,-64.963784459978300,13.6,2022-05-09T19:18:28Z,,,,,,,,,,,,,,,,,,,,,,,,,
2898,1,18.379356153309300,-64.963782699778700,13.6,2022-05-09T19:18:44Z,,,,,,,,,,,,,,,,,,,,,,,,,
2899,1,18.379354812204800,-64.963778592646100,14.56,2022-05-09T19:18:59Z,,,,,,,,,,,,,,,,,,,,,,,,,
2900,1,18.379351291805500,-64.96378093957900,14.56,2022-05-09T19:19:13Z,,,,,,,,,,,,,,,,,,,,,,,,,
2901,1,18.379354644566800,-64.963780688121900,14.56,2022-05-09T19:19:31Z,,,,,,,,,,,,,,,,,,,,,,,,,
2902,1,18.37935933843260,-64.963779179379300,15.040000000000000,2022-05-09T19:19:46Z,,,,,,,,,,,,,,,,,,,,,,,,,
2903,1,18.37935489602390,-64.963780017569700,15.52,2022-05-09T19:20:03Z,,,,,,,,,,,,,,,,,,,,,,,,,
2904,1,18.379355650395200,-64.963787058368300,15.040000000000000,2022-05-09T19:20:17Z,,,,,,,,,,,,,,,,,,,,,,,,,
2905,1,18.379353052005200,-64.963798122480500,14.56,2022-05-09T19:20:33Z,,,,,,,,,,,,,,,,,,,,,,,,,
2906,1,18.379320446401800,-64.963778676465200,15.040000000000000,2022-05-09T19:20:46Z,,,,,,,,,,,,,,,,,,,,,,,,,
2907,1,18.379299743101000,-64.963783202692900,14.56,2022-05-09T19:21:00Z,,,,,,,,,,,,,,,,,,,,,,,,,
2908,1,18.379291696474000,-64.963791836053100,14.08,2022-05-09T19:21:14Z,,,,,,,,,,,,,,,,,,,,,,,,,
2909,1,18.37931290268900,-64.963783454150000,13.120000000000000,2022-05-09T19:21:32Z,,,,,,,,,,,,,,,,,,,,,,,,,
2910,1,18.379347687587100,-64.963812455534900,15.040000000000000,2022-05-09T19:21:48Z,,,,,,,,,,,,,,,,,,,,,,,,,
2911,1,18.379360428080000,-64.963817317038800,15.040000000000000,2022-05-09T19:22:00Z,,,,,,,,,,,,,,,,,,,,,,,,,
2912,1,18.379376102238900,-64.963815389201000,15.040000000000000,2022-05-09T19:22:15Z,,,,,,,,,,,,,,,,,,,,,,,,,
2913,1,18.379390519112300,-64.963814551010700,15.040000000000000,2022-05-09T19:22:30Z,,,,,,,,,,,,,,,,,,,,,,,,,
2914,1,18.379397140815900,-64.963813377544300,15.040000000000000,2022-05-09T19:22:43Z,,,,,,,,,,,,,,,,,,,,,,,,,
2915,1,18.379412647336700,-64.963819663971700,16.48,2022-05-09T19:22:58Z,,,,,,,,,,,,,,,,,,,,,,,,,
2916,1,18.379427650943400,-64.963834583759300,18.400000000000000,2022-05-09T19:23:12Z,,,,,,,,,,,,,,,,,,,,,,,,,
2917,1,18.379450952634200,-64.963829470798400,19.84,2022-05-09T19:23:29Z,,,,,,,,,,,,,,,,,,,,,,,,,
2918,1,18.379462687298700,-64.963828884065200,16.48,2022-05-09T19:23:41Z,,,,,,,,,,,,,,,,,,,,,,,,,
2919,1,18.379450114443900,-64.963824776932600,15.040000000000000,2022-05-09T19:23:55Z,,,,,,,,,,,,,,,,,,,,,,,,,
2920,1,18.379440307617200,-64.963832320645500,16.960000000000000,2022-05-09T19:24:10Z,,,,,,,,,,,,,,,,,,,,,,,,,
2921,1,18.379435697570400,-64.963826118037100,18.880000000000000,2022-05-09T19:24:27Z,,,,,,,,,,,,,,,,,,,,,,,,,
2922,1,18.379429411143100,-64.963827040046500,19.360000000000000,2022-05-09T19:24:39Z,,,,,,,,,,,,,,,,,,,,,,,,,
2923,1,18.379413485527000,-64.963830560445800,17.920000000000000,2022-05-09T19:24:53Z,,,,,,,,,,,,,,,,,,,,,,,,,
2924,1,18.379400158301000,-64.963831650093200,15.040000000000000,2022-05-09T19:25:05Z,,,,,,,,,,,,,,,,,,,,,,,,,
2925,1,18.379364283755400,-64.963828213512900,13.6,2022-05-09T19:25:21Z,,,,,,,,,,,,,,,,,,,,,,,,,
2926,1,18.379349280148700,-64.963834416121200,13.6,2022-05-09T19:25:37Z,,,,,,,,,,,,,,,,,,,,,,,,,
2927,1,18.37931633926930,-64.963851263746600,13.6,2022-05-09T19:25:52Z,,,,,,,,,,,,,,,,,,,,,,,,,
2928,1,18.379278788343100,-64.96387624181810,14.08,2022-05-09T19:26:07Z,,,,,,,,,,,,,,,,,,,,,,,,,
2929,1,18.379266215488300,-64.96388940140610,13.6,2022-05-09T19:26:13Z,,,,,,,,,,,,,,,,,,,,,,,,,
2930,1,18.379241991788100,-64.96391236782070,13.6,2022-05-09T19:26:26Z,,,,,,,,,,,,,,,,,,,,,,,,,
2931,1,18.379201255738700,-64.963968945667100,13.120000000000000,2022-05-09T19:26:41Z,,,,,,,,,,,,,,,,,,,,,,,,,
2932,1,18.379172002896700,-64.96399006806310,13.120000000000000,2022-05-09T19:26:55Z,,,,,,,,,,,,,,,,,,,,,,,,,
2933,1,18.379157837480300,-64.963991744443800,13.6,2022-05-09T19:27:10Z,,,,,,,,,,,,,,,,,,,,,,,,,
2934,1,18.379151886329100,-64.964014040306200,16,2022-05-09T19:27:26Z,,,,,,,,,,,,,,,,,,,,,,,,,
2935,1,18.379136715084300,-64.964047567918900,17.920000000000000,2022-05-09T19:27:40Z,,,,,,,,,,,,,,,,,,,,,,,,,
2936,1,18.379122130572800,-64.964092494919900,14.56,2022-05-09T19:27:54Z,,,,,,,,,,,,,,,,,,,,,,,,,
2937,1,18.379115676507400,-64.964162316173300,14.08,2022-05-09T19:28:09Z,,,,,,,,,,,,,,,,,,,,,,,,,
2938,1,18.379117101430900,-64.964225683361300,14.56,2022-05-09T19:28:25Z,,,,,,,,,,,,,,,,,,,,,,,,,
2939,1,18.379116430878600,-64.964277483522900,14.56,2022-05-09T19:28:39Z,,,,,,,,,,,,,,,,,,,,,,,,,
2940,1,18.379123387858300,-64.964330205693800,14.56,2022-05-09T19:28:54Z,,,,,,,,,,,,,,,,,,,,,,,,,
2941,1,18.379132188856600,-64.964394913986300,14.56,2022-05-09T19:29:12Z,,,,,,,,,,,,,,,,,,,,,,,,,
2942,1,18.379142917692700,-64.964457442984000,14.56,2022-05-09T19:29:29Z,,,,,,,,,,,,,,,,,,,,,,,,,
2943,1,18.379128500819200,-64.964504381641700,14.56,2022-05-09T19:29:45Z,,,,,,,,,,,,,,,,,,,,,,,,,
2944,1,18.379127578809900,-64.964549476280800,14.56,2022-05-09T19:30:00Z,,,,,,,,,,,,,,,,,,,,,,,,,
2945,1,18.379131099209200,-64.964596079662400,14.08,2022-05-09T19:30:15Z,,,,,,,,,,,,,,,,,,,,,,,,,
2946,1,18.379116095602500,-64.964634720236100,13.6,2022-05-09T19:30:31Z,,,,,,,,,,,,,,,,,,,,,,,,,
2947,1,18.379099247977100,-64.964655004441700,13.6,2022-05-09T19:30:47Z,,,,,,,,,,,,,,,,,,,,,,,,,
2948,1,18.379088267684000,-64.964676462113900,13.6,2022-05-09T19:31:01Z,,,,,,,,,,,,,,,,,,,,,,,,,
2949,1,18.379043759778100,-64.964724238961900,13.6,2022-05-09T19:31:15Z,,,,,,,,,,,,,,,,,,,,,,,,,
2950,1,18.379002939909700,-64.964750558137900,14.08,2022-05-09T19:31:31Z,,,,,,,,,,,,,,,,,,,,,,,,,
2951,1,18.378965388983500,-64.964769333601000,13.6,2022-05-09T19:31:46Z,,,,,,,,,,,,,,,,,,,,,,,,,
2952,1,18.378920210525400,-64.964757012203300,14.08,2022-05-09T19:32:04Z,,,,,,,,,,,,,,,,,,,,,,,,,
2953,1,18.378903781995200,-64.96475039049980,15.040000000000000,2022-05-09T19:32:19Z,,,,,,,,,,,,,,,,,,,,,,,,,
2954,1,18.378906799480300,-64.964749049395300,11.67,2022-05-09T19:32:29Z,,,,,,,,,,,,,,,,,,,,,,,,,
2955,1,18.378923814743800,-64.964756509289100,8.31,2022-05-09T19:32:43Z,,,,,,,,,,,,,,,,,,,,,,,,,
2956,1,18.378911660984200,-64.964751228690100,9.75,2022-05-09T19:32:52Z,,,,,,,,,,,,,,,,,,,,,,,,,
2957,1,18.378910822793800,-64.964748043566900,13.120000000000000,2022-05-09T19:32:58Z,,,,,,,,,,,,,,,,,,,,,,,,,
2958,1,18.378894561901700,-64.964744606986600,16,2022-05-09T19:33:09Z,,,,,,,,,,,,,,,,,,,,,,,,,
2959,1,18.378906548023200,-64.964740918949200,19.84,2022-05-09T19:33:17Z,,,,,,,,,,,,,,,,,,,,,,,,,
2960,1,18.378909900784500,-64.964748211205000,23.210000000000000,2022-05-09T19:33:22Z,,,,,,,,,,,,,,,,,,,,,,,,,
2961,1,18.378902021795500,-64.964752485975600,26.09,2022-05-09T19:33:27Z,,,,,,,,,,,,,,,,,,,,,,,,,
2962,1,18.378899423405500,-64.964751983061400,29.940000000000000,2022-05-09T19:33:33Z,,,,,,,,,,,,,,,,,,,,,,,,,
2963,1,18.378901183605200,-64.964750977233100,31.380000000000000,2022-05-09T19:33:36Z,,,,,,,,,,,,,,,,,,,,,,,,,
2964,1,18.378897914663000,-64.964753240346900,33.300000000000000,2022-05-09T19:33:39Z,,,,,,,,,,,,,,,,,,,,,,,,,
2965,1,18.378899088129400,-64.964748965576300,36.670000000000000,2022-05-09T19:33:45Z,,,,,,,,,,,,,,,,,,,,,,,,,
2966,1,18.378901435062300,-64.964750222861800,39.550000000000000,2022-05-09T19:33:50Z,,,,,,,,,,,,,,,,,,,,,,,,,
2967,1,18.378901854157400,-64.964751899242400,42.920000000000000,2022-05-09T19:33:56Z,,,,,,,,,,,,,,,,,,,,,,,,,
2968,1,18.378890119493000,-64.96475868858400,46.280000000000000,2022-05-09T19:34:02Z,,,,,,,,,,,,,,,,,,,,,,,,,
2969,1,18.378888107836200,-64.96475525200370,48.200000000000000,2022-05-09T19:34:05Z,,,,,,,,,,,,,,,,,,,,,,,,,
2970,1,18.378891376778500,-64.964760867878800,51.090000000000000,2022-05-09T19:34:10Z,,,,,,,,,,,,,,,,,,,,,,,,,
2971,1,18.378894561901700,-64.964759359136200,52.530000000000000,2022-05-09T19:34:13Z,,,,,,,,,,,,,,,,,,,,,,,,,
2972,1,18.378899926319700,-64.964763885363900,55.890000000000000,2022-05-09T19:34:19Z,,,,,,,,,,,,,,,,,,,,,,,,,
2973,1,18.378901686519400,-64.964762041345200,59.260000000000000,2022-05-09T19:34:26Z,,,,,,,,,,,,,,,,,,,,,,,,,
2974,1,18.378901518881300,-64.964759610593300,59.740000000000000,2022-05-09T19:34:27Z,,,,,,,,,,,,,,,,,,,,,,,,,
2975,1,18.378903027623900,-64.964759526774300,63.100000000000000,2022-05-09T19:34:35Z,,,,,,,,,,,,,,,,,,,,,,,,,
2976,1,18.378903027623900,-64.964760281145600,65.990000000000000,2022-05-09T19:34:42Z,,,,,,,,,,,,,,,,,,,,,,,,,
2977,1,18.378903865814200,-64.964769668877100,69.350000000000000,2022-05-09T19:34:57Z,,,,,,,,,,,,,,,,,,,,,,,,,
2978,1,18.378886263817500,-64.96476799249650,72.720000000000000,2022-05-09T19:35:12Z,,,,,,,,,,,,,,,,,,,,,,,,,
2979,1,18.378881569951800,-64.964767741039400,73.680000000000000,2022-05-09T19:35:15Z,,,,,,,,,,,,,,,,,,,,,,,,,
2980,1,18.378879642114000,-64.964770004153300,77.040000000000000,2022-05-09T19:35:29Z,,,,,,,,,,,,,,,,,,,,,,,,,
2981,1,18.378878803923700,-64.964779978618000,80.410000000000000,2022-05-09T19:35:46Z,,,,,,,,,,,,,,,,,,,,,,,,,
2982,1,18.378879642114000,-64.964792970567900,83.290000000000000,2022-05-09T19:35:57Z,,,,,,,,,,,,,,,,,,,,,,,,,
2983,1,18.378874864429200,-64.964792719110800,86.180000000000000,2022-05-09T19:36:08Z,,,,,,,,,,,,,,,,,,,,,,,,,
2984,1,18.378863967955100,-64.964783499017400,89.540000000000000,2022-05-09T19:36:20Z,,,,,,,,,,,,,,,,,,,,,,,,,
2985,1,18.378875786438600,-64.96478165499870,92.900000000000000,2022-05-09T19:36:31Z,,,,,,,,,,,,,,,,,,,,,,,,,
2986,1,18.378882743418200,-64.964768160134600,95.790000000000000,2022-05-09T19:36:44Z,,,,,,,,,,,,,,,,,,,,,,,,,
2987,1,18.378887856379200,-64.96476992033420,98.670000000000000,2022-05-09T19:36:56Z,,,,,,,,,,,,,,,,,,,,,,,,,
2988,1,18.378904452547400,-64.964765645563600,102.040000000000000,2022-05-09T19:37:12Z,,,,,,,,,,,,,,,,,,,,,,,,,
2989,1,18.378881653770800,-64.964764723554300,104.920000000000000,2022-05-09T19:37:34Z,,,,,,,,,,,,,,,,,,,,,,,,,
2990,1,18.378876792267000,-64.964782325550900,106.840000000000000,2022-05-09T19:37:58Z,,,,,,,,,,,,,,,,,,,,,,,,,
2991,1,18.378872014582200,-64.964778469875500,110.210000000000000,2022-05-09T19:38:18Z,,,,,,,,,,,,,,,,,,,,,,,,,
2992,1,18.378872685134400,-64.964773273095500,113.090000000000000,2022-05-09T19:38:38Z,,,,,,,,,,,,,,,,,,,,,,,,,
2993,1,18.378885928541400,-64.964768663048700,115.980000000000000,2022-05-09T19:38:57Z,,,,,,,,,,,,,,,,,,,,,,,,,
2994,1,18.378902105614500,-64.964776039123500,118.860000000000000,2022-05-09T19:39:17Z,,,,,,,,,,,,,,,,,,,,,,,,,
2995,1,18.37890193797650,-64.964774278923900,119.820000000000000,2022-05-09T19:39:36Z,,,,,,,,,,,,,,,,,,,,,,,,,
2996,1,18.378880396485300,-64.964776374399700,121.260000000000000,2022-05-09T19:39:52Z,,,,,,,,,,,,,,,,,,,,,,,,,
2997,1,18.378887604922100,-64.964798083528900,123.190000000000000,2022-05-09T19:40:14Z,,,,,,,,,,,,,,,,,,,,,,,,,
2998,1,18.378886431455600,-64.964801855385300,125.110000000000000,2022-05-09T19:40:34Z,,,,,,,,,,,,,,,,,,,,,,,,,
2999,1,18.378869751468300,-64.964790036901800,127.510000000000000,2022-05-09T19:40:55Z,,,,,,,,,,,,,,,,,,,,,,,,,
3000,1,18.378846868872600,-64.964794982224700,130.400000000000000,2022-05-09T19:41:17Z,,,,,,,,,,,,,,,,,,,,,,,,,
3001,1,18.378865141421600,-64.964788360521200,132.320000000000000,2022-05-09T19:41:38Z,,,,,,,,,,,,,,,,,,,,,,,,,
3002,1,18.378883246332400,-64.964788444340200,134.240000000000000,2022-05-09T19:42:02Z,,,,,,,,,,,,,,,,,,,,,,,,,
3003,1,18.378878720104700,-64.964789869263800,135.680000000000000,2022-05-09T19:42:26Z,,,,,,,,,,,,,,,,,,,,,,,,,
3004,1,18.378865141421600,-64.964779140427700,137.610000000000000,2022-05-09T19:42:50Z,,,,,,,,,,,,,,,,,,,,,,,,,
3005,1,18.37887997739020,-64.96476355008780,139.050000000000000,2022-05-09T19:43:12Z,,,,,,,,,,,,,,,,,,,,,,,,,
3006,1,18.378904787823600,-64.964759023860100,140.010000000000000,2022-05-09T19:43:32Z,,,,,,,,,,,,,,,,,,,,,,,,,
3007,1,18.378900596872000,-64.964757598936600,140.970000000000000,2022-05-09T19:43:53Z,,,,,,,,,,,,,,,,,,,,,,,,,
3008,1,18.378884587436900,-64.964776961132900,140.970000000000000,2022-05-09T19:44:14Z,,,,,,,,,,,,,,,,,,,,,,,,,
3009,1,18.378873188048600,-64.964782577008000,141.450000000000000,2022-05-09T19:44:31Z,,,,,,,,,,,,,,,,,,,,,,,,,
3010,1,18.378876121714700,-64.964798921719200,142.410000000000000,2022-05-09T19:44:52Z,,,,,,,,,,,,,,,,,,,,,,,,,
3011,1,18.378866733983200,-64.964805627241700,143.370000000000000,2022-05-09T19:45:13Z,,,,,,,,,,,,,,,,,,,,,,,,,
3012,1,18.378856424242300,-64.964802442118500,145.300000000000000,2022-05-09T19:45:34Z,,,,,,,,,,,,,,,,,,,,,,,,,
3013,1,18.378845611587200,-64.964798502624000,146.260000000000000,2022-05-09T19:45:54Z,,,,,,,,,,,,,,,,,,,,,,,,,
3014,1,18.378837313503000,-64.964803950861100,147.220000000000000,2022-05-09T19:46:12Z,,,,,,,,,,,,,,,,,,,,,,,,,
3015,1,18.378837816417200,-64.964808393269800,148.180000000000000,2022-05-09T19:46:34Z,,,,,,,,,,,,,,,,,,,,,,,,,
3016,1,18.378840582445300,-64.964805962517900,149.140000000000000,2022-05-09T19:46:56Z,,,,,,,,,,,,,,,,,,,,,,,,,
3017,1,18.378852568566800,-64.964807890355600,149.140000000000000,2022-05-09T19:47:16Z,,,,,,,,,,,,,,,,,,,,,,,,,
3018,1,18.378849634900700,-64.964802861213700,149.620000000000000,2022-05-09T19:47:35Z,,,,,,,,,,,,,,,,,,,,,,,,,
3019,1,18.378847539424900,-64.96480411849920,150.100000000000000,2022-05-09T19:47:56Z,,,,,,,,,,,,,,,,,,,,,,,,,
3020,1,18.378846449777500,-64.964808477088800,150.100000000000000,2022-05-09T19:48:16Z,,,,,,,,,,,,,,,,,,,,,,,,,
3021,1,18.378869583830200,-64.96479632332920,150.580000000000000,2022-05-09T19:48:39Z,,,,,,,,,,,,,,,,,,,,,,,,,
3022,1,18.37887947447600,-64.96478358283640,151.060000000000000,2022-05-09T19:49:00Z,,,,,,,,,,,,,,,,,,,,,,,,,
3023,1,18.378877379000200,-64.964781487360600,149.620000000000000,2022-05-09T19:49:20Z,,,,,,,,,,,,,,,,,,,,,,,,,
3024,1,18.378847539424900,-64.964801352471100,148.180000000000000,2022-05-09T19:49:43Z,,,,,,,,,,,,,,,,,,,,,,,,,
3025,1,18.378834296017900,-64.964808896184000,148.660000000000000,2022-05-09T19:50:04Z,,,,,,,,,,,,,,,,,,,,,,,,,
3026,1,18.378818286582800,-64.964797496795700,149.620000000000000,2022-05-09T19:50:27Z,,,,,,,,,,,,,,,,,,,,,,,,,
3027,1,18.378841755911700,-64.964804789051400,150.100000000000000,2022-05-09T19:50:49Z,,,,,,,,,,,,,,,,,,,,,,,,,
3028,1,18.378864973783500,-64.964794144034400,150.580000000000000,2022-05-09T19:51:08Z,,,,,,,,,,,,,,,,,,,,,,,,,
3029,1,18.378879306837900,-64.964757850393700,151.060000000000000,2022-05-09T19:51:30Z,,,,,,,,,,,,,,,,,,,,,,,,,
3030,1,18.378899758681700,-64.964728849008700,150.580000000000000,2022-05-09T19:51:50Z,,,,,,,,,,,,,,,,,,,,,,,,,
3031,1,18.378916019573800,-64.964727843180300,149.140000000000000,2022-05-09T19:52:11Z,,,,,,,,,,,,,,,,,,,,,,,,,
3032,1,18.378920881077600,-64.964752066880500,147.220000000000000,2022-05-09T19:52:33Z,,,,,,,,,,,,,,,,,,,,,,,,,
3033,1,18.378911996260300,-64.964748127386000,146.260000000000000,2022-05-09T19:52:55Z,,,,,,,,,,,,,,,,,,,,,,,,,
3034,1,18.378899255767500,-64.964747121557600,146.260000000000000,2022-05-09T19:53:16Z,,,,,,,,,,,,,,,,,,,,,,,,,
3035,1,18.378900680691000,-64.964760951697800,144.820000000000000,2022-05-09T19:53:36Z,,,,,,,,,,,,,,,,,,,,,,,,,
3036,1,18.378888526931400,-64.964782744646100,142.890000000000000,2022-05-09T19:53:57Z,,,,,,,,,,,,,,,,,,,,,,,,,
3037,1,18.37887997739020,-64.964791126549200,141.930000000000000,2022-05-09T19:54:16Z,,,,,,,,,,,,,,,,,,,,,,,,,
3038,1,18.378857178613500,-64.964824989438100,142.410000000000000,2022-05-09T19:54:38Z,,,,,,,,,,,,,,,,,,,,,,,,,
3039,1,18.378835134208200,-64.964836137369300,142.410000000000000,2022-05-09T19:54:58Z,,,,,,,,,,,,,,,,,,,,,,,,,
3040,1,18.378835050389200,-64.964798921719200,143.370000000000000,2022-05-09T19:55:17Z,,,,,,,,,,,,,,,,,,,,,,,,,
3041,1,18.378853658214200,-64.964781487360600,143.850000000000000,2022-05-09T19:55:36Z,,,,,,,,,,,,,,,,,,,,,,,,,
3042,1,18.378866733983200,-64.96476992033420,144.340000000000000,2022-05-09T19:55:56Z,,,,,,,,,,,,,,,,,,,,,,,,,
3043,1,18.378895148634900,-64.964758101850700,144.820000000000000,2022-05-09T19:56:18Z,,,,,,,,,,,,,,,,,,,,,,,,,
3044,1,18.378910403698700,-64.964742176234700,143.370000000000000,2022-05-09T19:56:36Z,,,,,,,,,,,,,,,,,,,,,,,,,
3045,1,18.378887688741100,-64.964745948091100,141.930000000000000,2022-05-09T19:56:57Z,,,,,,,,,,,,,,,,,,,,,,,,,
3046,1,18.378884000703700,-64.964772602543200,140.490000000000000,2022-05-09T19:57:16Z,,,,,,,,,,,,,,,,,,,,,,,,,
3047,1,18.378875367343400,-64.964796490967300,140.010000000000000,2022-05-09T19:57:37Z,,,,,,,,,,,,,,,,,,,,,,,,,
3048,1,18.378855669871000,-64.964808728545900,140.490000000000000,2022-05-09T19:57:57Z,,,,,,,,,,,,,,,,,,,,,,,,,
3049,1,18.378844270482700,-64.964822391048100,140.970000000000000,2022-05-09T19:58:21Z,,,,,,,,,,,,,,,,,,,,,,,,,
3050,1,18.378833122551400,-64.964803028851700,141.450000000000000,2022-05-09T19:58:43Z,,,,,,,,,,,,,,,,,,,,,,,,,
3051,1,18.378846114501400,-64.96478752233090,141.450000000000000,2022-05-09T19:59:06Z,,,,,,,,,,,,,,,,,,,,,,,,,
3052,1,18.378843432292300,-64.964794311672400,141.930000000000000,2022-05-09T19:59:26Z,,,,,,,,,,,,,,,,,,,,,,,,,
3053,1,18.378831697627900,-64.964819876477100,141.930000000000000,2022-05-09T19:59:46Z,,,,,,,,,,,,,,,,,,,,,,,,,
3054,1,18.378827925771500,-64.964817697182300,142.410000000000000,2022-05-09T20:00:06Z,,,,,,,,,,,,,,,,,,,,,,,,,
3055,1,18.378838403150400,-64.964810237288500,142.410000000000000,2022-05-09T20:00:26Z,,,,,,,,,,,,,,,,,,,,,,,,,
3056,1,18.378850724548100,-64.96480219066140,142.410000000000000,2022-05-09T20:00:48Z,,,,,,,,,,,,,,,,,,,,,,,,,
3057,1,18.378873523324700,-64.964796910062400,141.930000000000000,2022-05-09T20:01:11Z,,,,,,,,,,,,,,,,,,,,,,,,,
3058,1,18.378887353465000,-64.964764388278100,141.930000000000000,2022-05-09T20:01:32Z,,,,,,,,,,,,,,,,,,,,,,,,,
3059,1,18.378885760903400,-64.964758772403000,141.450000000000000,2022-05-09T20:01:53Z,,,,,,,,,,,,,,,,,,,,,,,,,
3060,1,18.378887185826900,-64.964763969183000,140.490000000000000,2022-05-09T20:02:14Z,,,,,,,,,,,,,,,,,,,,,,,,,
3061,1,18.37889363989230,-64.964767573401300,139.530000000000000,2022-05-09T20:02:34Z,,,,,,,,,,,,,,,,,,,,,,,,,
3062,1,18.378877211362100,-64.96477042324840,138.570000000000000,2022-05-09T20:02:57Z,,,,,,,,,,,,,,,,,,,,,,,,,
3063,1,18.378865560516700,-64.964797077700500,138.090000000000000,2022-05-09T20:03:21Z,,,,,,,,,,,,,,,,,,,,,,,,,
3064,1,18.378859777003500,-64.964801352471100,138.090000000000000,2022-05-09T20:03:41Z,,,,,,,,,,,,,,,,,,,,,,,,,
3065,1,18.378869583830200,-64.964789031073500,137.610000000000000,2022-05-09T20:04:02Z,,,,,,,,,,,,,,,,,,,,,,,,,
3066,1,18.378884671255900,-64.964789617806700,137.130000000000000,2022-05-09T20:04:23Z,,,,,,,,,,,,,,,,,,,,,,,,,
3067,1,18.378893975168500,-64.964772015810000,136.160000000000000,2022-05-09T20:04:45Z,,,,,,,,,,,,,,,,,,,,,,,,,
3068,1,18.37889757938680,-64.964771764352900,135.680000000000000,2022-05-09T20:05:07Z,,,,,,,,,,,,,,,,,,,,,,,,,
3069,1,18.378905458375800,-64.964747624471800,134.720000000000000,2022-05-09T20:05:26Z,,,,,,,,,,,,,,,,,,,,,,,,,
3070,1,18.378912331536400,-64.964755335822700,132.800000000000000,2022-05-09T20:05:47Z,,,,,,,,,,,,,,,,,,,,,,,,,
3071,1,18.378892131149800,-64.964760532602700,131.360000000000000,2022-05-09T20:06:08Z,,,,,,,,,,,,,,,,,,,,,,,,,
3072,1,18.378879306837900,-64.964774865657100,130.880000000000000,2022-05-09T20:06:25Z,,,,,,,,,,,,,,,,,,,,,,,,,
3073,1,18.378882994875300,-64.964781906455800,130.400000000000000,2022-05-09T20:06:43Z,,,,,,,,,,,,,,,,,,,,,,,,,
3074,1,18.378883497789500,-64.964802693575600,130.400000000000000,2022-05-09T20:07:02Z,,,,,,,,,,,,,,,,,,,,,,,,,
3075,1,18.378898836672300,-64.96479632332920,129.920000000000000,2022-05-09T20:07:22Z,,,,,,,,,,,,,,,,,,,,,,,,,
3076,1,18.378910906612900,-64.964793054387000,129.430000000000000,2022-05-09T20:07:40Z,,,,,,,,,,,,,,,,,,,,,,,,,
3077,1,18.378902189433600,-64.96477922424670,126.550000000000000,2022-05-09T20:07:47Z,,,,,,,,,,,,,,,,,,,,,,,,,
3078,1,18.378904452547400,-64.964772937819400,120.300000000000000,2022-05-09T20:07:49Z,,,,,,,,,,,,,,,,,,,,,,,,,
3079,1,18.378911158070000,-64.964761789888100,116.940000000000000,2022-05-09T20:07:53Z,,,,,,,,,,,,,,,,,,,,,,,,,
3080,1,18.378897914663000,-64.964745780453100,120.300000000000000,2022-05-09T20:07:57Z,,,,,,,,,,,,,,,,,,,,,,,,,
3081,1,18.378898166120100,-64.964743852615400,121.260000000000000,2022-05-09T20:07:59Z,,,,,,,,,,,,,,,,,,,,,,,,,
3082,1,18.378901183605200,-64.964741505682500,114.050000000000000,2022-05-09T20:08:00Z,,,,,,,,,,,,,,,,,,,,,,,,,
3083,1,18.378901435062300,-64.964740499854100,77.520000000000000,2022-05-09T20:08:01Z,,,,,,,,,,,,,,,,,,,,,,,,,
3084,1,18.378900429233900,-64.964739494025700,77.520000000000000,2022-05-09T20:08:04Z,,,,,,,,,,,,,,,,,,,,,,,,,